Project Name,Package Name,Type Name,MethodName,LOC,CC,PC
music-core,com.sismics.util,EnvironmentUtil,isWindows,3,1,0
music-core,com.sismics.util,EnvironmentUtil,isMacOs,3,1,0
music-core,com.sismics.util,EnvironmentUtil,isUnix,3,1,0
music-core,com.sismics.util,EnvironmentUtil,isUnitTest,3,1,0
music-core,com.sismics.util,EnvironmentUtil,isDevMode,3,1,0
music-core,com.sismics.util,EnvironmentUtil,getWindowsAppData,3,1,0
music-core,com.sismics.util,EnvironmentUtil,getMacOsUserHome,3,1,0
music-core,com.sismics.util,EnvironmentUtil,getMusicHome,3,1,0
music-core,com.sismics.util,EnvironmentUtil,isWebappContext,3,1,0
music-core,com.sismics.util,EnvironmentUtil,setWebappContext,3,1,1
music-core,com.sismics.util,NetworkUtil,mapTcpPort,22,3,1
music-core,com.sismics.util,MathUtil,clip,9,3,3
music-core,com.sismics.util,HttpUtil,readUrlIntoString,26,3,1
music-core,com.sismics.util,HttpUtil,postUrl,34,4,2
music-core,com.sismics.util,DateUtil,guessTimezoneOffset,10,3,1
music-core,com.sismics.util,MessageUtil,getMessage,11,1,3
music-core,com.sismics.util,MessageUtil,getMessage,3,1,1
music-core,com.sismics.util,ResourceUtil,list,45,11,3
music-core,com.sismics.util,ResourceUtil,list,3,1,2
music-core,com.sismics.util,FilenameUtil,cleanFileName,10,3,1
music-core,com.sismics.util,LyricUtil,getLyrics,24,6,2
music-core,com.sismics.util,LyricUtil,wikiStyle,12,1,1
music-core,com.sismics.util,LocaleUtil,getLocale,13,3,1
music-core,com.sismics.util,LocaleUtil,getLocaleIdFromAcceptLanguage,21,5,1
music-core,com.sismics.util,TestLyricUtil,getLyrics,17,1,0
music-core,com.sismics.util,TestJaudioTagger,jaudioTaggerTest,9,1,0
music-core,com.sismics.util,TestNetworkUtil,testUpnp,3,1,0
music-core,com.sismics.util,TestResourceUtil,listFilesTest,10,1,0
music-core,com.sismics.util,TestDateUtil,guessTimezoneCodeTest,3,1,0
music-core,com.sismics.util.lastfm,LastFmUtil,getLovedTracks,4,1,4
music-core,com.sismics.util.lastfm,LastFmUtil,getAllTracks,4,1,4
music-core,com.sismics.util.log4j,LogEntry,LogEntry,6,1,4
music-core,com.sismics.util.log4j,LogEntry,getTimestamp,3,1,0
music-core,com.sismics.util.log4j,LogEntry,getLevel,3,1,0
music-core,com.sismics.util.log4j,LogEntry,getTag,3,1,0
music-core,com.sismics.util.log4j,LogEntry,getMessage,3,1,0
music-core,com.sismics.util.log4j,MemoryAppender,requiresLayout,3,1,0
music-core,com.sismics.util.log4j,MemoryAppender,close,6,2,0
music-core,com.sismics.util.log4j,MemoryAppender,append,12,3,1
music-core,com.sismics.util.log4j,MemoryAppender,getLoggerName,4,1,1
music-core,com.sismics.util.log4j,MemoryAppender,getLogList,3,1,0
music-core,com.sismics.util.log4j,MemoryAppender,setSize,3,1,1
music-core,com.sismics.util.log4j,MemoryAppender,find,25,5,2
music-core,com.sismics.util.log4j,LogCriteria,getLevel,3,1,0
music-core,com.sismics.util.log4j,LogCriteria,setLevel,3,1,1
music-core,com.sismics.util.log4j,LogCriteria,getTag,3,1,0
music-core,com.sismics.util.log4j,LogCriteria,setTag,3,1,1
music-core,com.sismics.util.log4j,LogCriteria,getMessage,3,1,0
music-core,com.sismics.util.log4j,LogCriteria,setMessage,3,1,1
music-core,com.sismics.util.io,TranscodedInputStream,TranscodedInputStream,15,3,2
music-core,com.sismics.util.io,TranscodedInputStream,read,8,2,0
music-core,com.sismics.util.io,TranscodedInputStream,read,15,4,1
music-core,com.sismics.util.io,TranscodedInputStream,read,15,4,3
music-core,com.sismics.util.io,TranscodedInputStream,close,5,2,0
music-core,com.sismics.util.io,InputStreamReaderThread,InputStreamReaderThread,5,1,2
music-core,com.sismics.util.io,InputStreamReaderThread,run,20,3,0
music-core,com.sismics.util.mime,MimeTypeUtil,guessMimeType,33,8,1
music-core,com.sismics.util.context,ThreadLocalContext,ThreadLocalContext,2,1,0
music-core,com.sismics.util.context,ThreadLocalContext,get,8,2,0
music-core,com.sismics.util.context,ThreadLocalContext,cleanup,3,1,0
music-core,com.sismics.util.context,ThreadLocalContext,getHandle,3,1,0
music-core,com.sismics.util.context,ThreadLocalContext,setHandle,3,1,1
music-core,com.sismics.util.dbi,SQLSplitter,consumeQuote,51,18,2
music-core,com.sismics.util.dbi,SQLSplitter,isNewLine,3,1,1
music-core,com.sismics.util.dbi,SQLSplitter,consumeTillNextLine,5,3,2
music-core,com.sismics.util.dbi,SQLSplitter,isNext,4,2,3
music-core,com.sismics.util.dbi,SQLSplitter,consumeComment,27,12,2
music-core,com.sismics.util.dbi,SQLSplitter,consumeParentheses,15,5,2
music-core,com.sismics.util.dbi,SQLSplitter,nextChar,10,4,2
music-core,com.sismics.util.dbi,SQLSplitter,splitSQL,7,2,1
music-core,com.sismics.util.dbi,SQLSplitter,SQLSplitter,3,1,1
music-core,com.sismics.util.dbi,SQLSplitter,iterator,34,5,0
music-core,com.sismics.util.dbi,SQLSplitter,hasNext,3,1,0
music-core,com.sismics.util.dbi,SQLSplitter,next,22,5,0
music-core,com.sismics.util.dbi,SQLSplitter,remove,3,1,0
music-core,com.sismics.util.dbi,ObjectMapper,ObjectMapper,3,1,1
music-core,com.sismics.util.dbi,ObjectMapper,ObjectMapper,3,1,0
music-core,com.sismics.util.dbi,ObjectMapper,ObjectMapper,3,1,1
music-core,com.sismics.util.dbi,ObjectMapper,extractByName,3,1,2
music-core,com.sismics.util.dbi,ObjectMapper,extractByIndex,3,1,2
music-core,com.sismics.util.dbi,BaseResultSetMapper,getColumns,0,1,0
music-core,com.sismics.util.dbi,BaseResultSetMapper,getJoinedColumns,3,1,0
music-core,com.sismics.util.dbi,BaseResultSetMapper,getJoinedColumns,8,2,1
music-core,com.sismics.util.dbi,BaseDao,findByCriteria,3,1,4
music-core,com.sismics.util.dbi,BaseDao,findByCriteria,7,2,3
music-core,com.sismics.util.dbi,BaseDao,findByCriteria,3,1,1
music-core,com.sismics.util.dbi,BaseDao,findFirstByCriteria,4,1,1
music-core,com.sismics.util.dbi,BaseDao,getQueryParam,0,1,2
music-core,com.sismics.util.dbi,DbOpenHelper,DbOpenHelper,3,1,1
music-core,com.sismics.util.dbi,DbOpenHelper,open,36,4,0
music-core,com.sismics.util.dbi,DbOpenHelper,executeAllScript,15,3,1
music-core,com.sismics.util.dbi,DbOpenHelper,executeScript,22,5,1
music-core,com.sismics.util.dbi,DbOpenHelper,onCreate,0,1,0
music-core,com.sismics.util.dbi,DbOpenHelper,onUpgrade,0,1,2
music-core,com.sismics.util.dbi,DbOpenHelper,getExceptions,3,1,0
music-core,com.sismics.util.dbi,DbOpenHelper,setHaltOnError,3,1,1
music-core,com.sismics.util.dbi,DbOpenHelper,setFormat,2,1,1
music-core,com.sismics.util.dbi,DBIF,createDbi,47,3,0
music-core,com.sismics.util.dbi,DBIF,onCreate,3,1,0
music-core,com.sismics.util.dbi,DBIF,onUpgrade,5,2,2
music-core,com.sismics.util.dbi,DBIF,DBIF,2,1,0
music-core,com.sismics.util.dbi,DBIF,get,3,1,0
music-core,com.sismics.util.dbi,DBIF,reset,9,2,0
music-core,com.sismics.util.dbi.filter,FilterColumn,FilterColumn,4,1,2
music-core,com.sismics.util.dbi.filter,FilterColumn,getColumn,3,1,0
music-core,com.sismics.util.dbi.filter,FilterColumn,getFilter,3,1,0
music-core,com.sismics.util.dbi.filter,FilterColumn,getPredicate,0,1,0
music-core,com.sismics.util.dbi.filter,FilterColumn,getParamValue,0,1,0
music-core,com.sismics.util.dbi.filter,FilterColumn,getParamName,3,1,0
music-core,com.sismics.util.dbi.filter,FilterColumn,hasParam,3,1,0
music-core,com.sismics.util.dbi.filter,FilterCriteria,FilterCriteria,3,1,1
music-core,com.sismics.util.dbi.filter,FilterCriteria,getFilterColumnList,3,1,0
music-core,com.sismics.music.core.exception,NonWritableException,NonWritableException,3,1,1
music-core,com.sismics.music.core.service.albumart,AlbumArtService,importAlbumArt,22,4,3
music-core,com.sismics.music.core.service.albumart,AlbumArtService,importAlbumArt,6,1,3
music-core,com.sismics.music.core.service.albumart,AlbumArtService,deleteAlbumArt,5,2,1
music-core,com.sismics.music.core.service.albumart,AlbumArtService,deleteAlbumArt,9,1,2
music-core,com.sismics.music.core.service.albumart,AlbumArtService,getAlbumArtFile,4,1,2
music-core,com.sismics.music.core.service.albumart,AlbumArtService,getAlbumArtFileName,3,1,2
music-core,com.sismics.music.core.service.albumart,AlbumArtFilenameFilter,accept,7,2,2
music-core,com.sismics.music.core.service.albumart,AlbumArtImporter,scanDirectory,24,7,1
music-core,com.sismics.music.core.service.importaudio,ImportAudioService,ImportAudioService,2,1,0
music-core,com.sismics.music.core.service.importaudio,ImportAudioService,startUp,2,1,0
music-core,com.sismics.music.core.service.importaudio,ImportAudioService,run,61,11,0
music-core,com.sismics.music.core.service.importaudio,ImportAudioService,isProcessRunning,9,1,1
music-core,com.sismics.music.core.service.importaudio,ImportAudioService,shutDown,2,1,0
music-core,com.sismics.music.core.service.importaudio,ImportAudioService,getYoutubeDlVersion,11,1,0
music-core,com.sismics.music.core.service.importaudio,ImportAudioService,getFfmpegVersion,12,1,0
music-core,com.sismics.music.core.service.importaudio,ImportAudioService,downloadAudio,5,2,3
music-core,com.sismics.music.core.service.importaudio,ImportAudioService,getImportAudioList,14,3,0
music-core,com.sismics.music.core.service.importaudio,ImportAudioService,cleanup,10,3,0
music-core,com.sismics.music.core.service.importaudio,ImportAudioService,retryImportAudio,15,4,1
music-core,com.sismics.music.core.service.importaudio,ImportAudioService,killImportAudio,14,4,1
music-core,com.sismics.music.core.service.importaudio,ImportAudioService,importFile,30,5,1
music-core,com.sismics.music.core.service.importaudio,ImportAudioService,getImportedFileList,18,4,0
music-core,com.sismics.music.core.service.importaudio,ImportAudioService,guessTags,3,1,1
music-core,com.sismics.music.core.service.importaudio,ImportAudioService,guessTags,33,4,1
music-core,com.sismics.music.core.service.importaudio,ImportAudioService,tagFile,37,2,7
music-core,com.sismics.music.core.service.importaudio,ImportAudio,ImportAudio,13,1,1
music-core,com.sismics.music.core.service.importaudio,ImportAudio,ImportAudio,6,1,3
music-core,com.sismics.music.core.service.importaudio,ImportAudio,getUrl,3,1,0
music-core,com.sismics.music.core.service.importaudio,ImportAudio,getQuality,3,1,0
music-core,com.sismics.music.core.service.importaudio,ImportAudio,getFormat,3,1,0
music-core,com.sismics.music.core.service.importaudio,ImportAudio,getProgress,3,1,0
music-core,com.sismics.music.core.service.importaudio,ImportAudio,setProgress,3,1,1
music-core,com.sismics.music.core.service.importaudio,ImportAudio,getTotalSize,3,1,0
music-core,com.sismics.music.core.service.importaudio,ImportAudio,setTotalSize,3,1,1
music-core,com.sismics.music.core.service.importaudio,ImportAudio,getDownloadSpeed,3,1,0
music-core,com.sismics.music.core.service.importaudio,ImportAudio,setDownloadSpeed,3,1,1
music-core,com.sismics.music.core.service.importaudio,ImportAudio,getMessage,3,1,0
music-core,com.sismics.music.core.service.importaudio,ImportAudio,setMessage,3,1,1
music-core,com.sismics.music.core.service.importaudio,ImportAudio,getStatus,3,1,0
music-core,com.sismics.music.core.service.importaudio,ImportAudio,setStatus,3,1,1
music-core,com.sismics.music.core.service.importaudio,ImportAudio,getWorkingFiles,3,1,0
music-core,com.sismics.music.core.service.importaudio,ImportAudio,addWorkingFiles,3,1,1
music-core,com.sismics.music.core.service.importaudio,ImportAudio,getId,3,1,0
music-core,com.sismics.music.core.service.importaudio,ImportAudio,getProcess,3,1,0
music-core,com.sismics.music.core.service.importaudio,ImportAudio,setProcess,3,1,1
music-core,com.sismics.music.core.service.importaudio,ImportAudio,toString,3,1,0
music-core,com.sismics.music.core.service.importaudio,ImportAudioFile,ImportAudioFile,3,1,1
music-core,com.sismics.music.core.service.importaudio,ImportAudioFile,getFile,3,1,0
music-core,com.sismics.music.core.service.importaudio,ImportAudioFile,getTitle,3,1,0
music-core,com.sismics.music.core.service.importaudio,ImportAudioFile,setTitle,3,1,1
music-core,com.sismics.music.core.service.importaudio,ImportAudioFile,getArtist,3,1,0
music-core,com.sismics.music.core.service.importaudio,ImportAudioFile,setArtist,3,1,1
music-core,com.sismics.music.core.service.importaudio,ImportAudioFile,getAlbumArtist,3,1,0
music-core,com.sismics.music.core.service.importaudio,ImportAudioFile,setAlbumArtist,3,1,1
music-core,com.sismics.music.core.service.importaudio,ImportAudioFile,getAlbum,3,1,0
music-core,com.sismics.music.core.service.importaudio,ImportAudioFile,setAlbum,3,1,1
music-core,com.sismics.music.core.service.importaudio,ImportAudioFile,getOrder,3,1,0
music-core,com.sismics.music.core.service.importaudio,ImportAudioFile,setOrder,3,1,1
music-core,com.sismics.music.core.service.importaudio,ImportAudioFile,getYear,3,1,0
music-core,com.sismics.music.core.service.importaudio,ImportAudioFile,setYear,3,1,1
music-core,com.sismics.music.core.service.importaudio,TestImportAudioService,testDependencies,4,1,0
music-core,com.sismics.music.core.service.lastfm,LastFmService,runOneIteration,12,2,0
music-core,com.sismics.music.core.service.lastfm,LastFmService,scheduler,3,1,0
music-core,com.sismics.music.core.service.lastfm,LastFmService,createSession,5,1,2
music-core,com.sismics.music.core.service.lastfm,LastFmService,restoreSession,5,1,1
music-core,com.sismics.music.core.service.lastfm,LastFmService,getInfo,4,1,1
music-core,com.sismics.music.core.service.lastfm,LastFmService,nowPlayingTrack,10,1,2
music-core,com.sismics.music.core.service.lastfm,LastFmService,scrobbleTrack,10,1,2
music-core,com.sismics.music.core.service.lastfm,LastFmService,scrobbleTrackList,13,2,3
music-core,com.sismics.music.core.service.lastfm,LastFmService,loveTrack,6,1,2
music-core,com.sismics.music.core.service.lastfm,LastFmService,unloveTrack,6,1,2
music-core,com.sismics.music.core.service.lastfm,LastFmService,updateLocalData,12,3,3
music-core,com.sismics.music.core.service.lastfm,LastFmService,importTrackPlayCount,27,4,1
music-core,com.sismics.music.core.service.lastfm,LastFmService,importLovedTrack,27,4,1
music-core,com.sismics.music.core.service.lastfm,LastFmService,searchAlbumArt,3,1,1
music-core,com.sismics.music.core.service.collection,CollectionVisitor,CollectionVisitor,4,1,1
music-core,com.sismics.music.core.service.collection,CollectionVisitor,visitFile,9,2,2
music-core,com.sismics.music.core.service.collection,CollectionVisitor,preVisitDirectory,3,1,2
music-core,com.sismics.music.core.service.collection,CollectionVisitor,visitFileFailed,4,1,2
music-core,com.sismics.music.core.service.collection,CollectionVisitor,index,9,1,0
music-core,com.sismics.music.core.service.collection,CollectionVisitor,getFileNameSet,3,1,0
music-core,com.sismics.music.core.service.collection,CollectionWatchService,CollectionWatchService,2,1,0
music-core,com.sismics.music.core.service.collection,CollectionWatchService,startUp,17,2,0
music-core,com.sismics.music.core.service.collection,CollectionWatchService,watchDirectory,20,1,1
music-core,com.sismics.music.core.service.collection,CollectionWatchService,preVisitDirectory,4,1,2
music-core,com.sismics.music.core.service.collection,CollectionWatchService,visitFileFailed,4,1,2
music-core,com.sismics.music.core.service.collection,CollectionWatchService,unwatchDirectory,11,3,1
music-core,com.sismics.music.core.service.collection,CollectionWatchService,run,35,9,0
music-core,com.sismics.music.core.service.collection,CollectionWatchService,shutDown,8,1,0
music-core,com.sismics.music.core.service.collection,CollectionWatchService,watchPath,3,1,1
music-core,com.sismics.music.core.service.collection,CollectionWatchService,indexNewFile,22,3,2
music-core,com.sismics.music.core.service.collection,CollectionWatchService,indexFolder,13,1,2
music-core,com.sismics.music.core.service.collection,CollectionWatchService,visitFile,4,1,2
music-core,com.sismics.music.core.service.collection,CollectionWatchService,visitFileFailed,4,1,2
music-core,com.sismics.music.core.service.collection,CollectionWatchService,pathRemoved,11,2,2
music-core,com.sismics.music.core.service.collection,CollectionWatchService,getParentDirectory,11,3,1
music-core,com.sismics.music.core.service.collection,CollectionWatchService,cleanupOrphans,9,1,0
music-core,com.sismics.music.core.service.collection,CollectionService,CollectionService,2,1,0
music-core,com.sismics.music.core.service.collection,CollectionService,startUp,2,1,0
music-core,com.sismics.music.core.service.collection,CollectionService,shutDown,2,1,0
music-core,com.sismics.music.core.service.collection,CollectionService,runOneIteration,3,1,0
music-core,com.sismics.music.core.service.collection,CollectionService,scheduler,3,1,0
music-core,com.sismics.music.core.service.collection,CollectionService,addDirectoryToIndex,22,5,1
music-core,com.sismics.music.core.service.collection,CollectionService,removeDirectoryFromIndex,20,5,1
music-core,com.sismics.music.core.service.collection,CollectionService,indexFile,23,3,2
music-core,com.sismics.music.core.service.collection,CollectionService,readTrackMetadata,74,8,3
music-core,com.sismics.music.core.service.collection,CollectionService,getDirectoryUpdateDate,9,1,1
music-core,com.sismics.music.core.service.collection,CollectionService,reindex,7,2,0
music-core,com.sismics.music.core.service.collection,CollectionService,updateScore,2,1,0
music-core,com.sismics.music.core.service.collection,TestAlbumArtImporter,testScanDirectoryNone,5,1,0
music-core,com.sismics.music.core.service.collection,TestAlbumArtImporter,testScanDirectoryMany,6,1,0
music-core,com.sismics.music.core.service.collection,TestAlbumArtImporter,testScanDirectoryOne,6,1,0
music-core,com.sismics.music.core.service.collection,TestAlbumArtImporter,testScanDirectoryOneFallback,6,1,0
music-core,com.sismics.music.core.service.player,PlayerService,PlayerService,3,1,0
music-core,com.sismics.music.core.service.player,PlayerService,notifyPlaying,17,3,4
music-core,com.sismics.music.core.service.player,PlayerStatus,PlayerStatus,5,1,3
music-core,com.sismics.music.core.service.player,PlayerStatus,getTrack,3,1,0
music-core,com.sismics.music.core.service.player,PlayerStatus,getStartDate,3,1,0
music-core,com.sismics.music.core.service.player,PlayerStatus,getDuration,3,1,0
music-core,com.sismics.music.core.service.player,PlayerStatus,setDuration,3,1,1
music-core,com.sismics.music.core.service.player,PlayerStatus,isCommited,3,1,0
music-core,com.sismics.music.core.service.player,PlayerStatus,setCommited,3,1,1
music-core,com.sismics.music.core.service.transcoder,TranscoderService,getTranscodedInputStream,4,1,4
music-core,com.sismics.music.core.service.transcoder,TranscoderService,getProcessBuilder,18,5,3
music-core,com.sismics.music.core.service.transcoder,TranscoderService,getSuitableTranscoder,11,3,1
music-core,com.sismics.music.core.dao.dbi,UserAlbumDao,create,8,1,1
music-core,com.sismics.music.core.dao.dbi,UserDao,getQueryParam,11,2,2
music-core,com.sismics.music.core.dao.dbi,UserDao,authenticate,9,2,2
music-core,com.sismics.music.core.dao.dbi,UserDao,create,11,2,1
music-core,com.sismics.music.core.dao.dbi,UserDao,update,5,1,1
music-core,com.sismics.music.core.dao.dbi,UserDao,updatePassword,5,1,1
music-core,com.sismics.music.core.dao.dbi,UserDao,updateLastFmSessionToken,5,1,1
music-core,com.sismics.music.core.dao.dbi,UserDao,getActiveById,5,1,1
music-core,com.sismics.music.core.dao.dbi,UserDao,getActiveByUsername,5,1,1
music-core,com.sismics.music.core.dao.dbi,UserDao,getActiveByPasswordResetKey,5,1,1
music-core,com.sismics.music.core.dao.dbi,UserDao,delete,4,1,1
music-core,com.sismics.music.core.dao.dbi,UserDao,hashPassword,3,1,1
music-core,com.sismics.music.core.dao.dbi,PlaylistDao,getQueryParam,26,6,2
music-core,com.sismics.music.core.dao.dbi,PlaylistDao,create,5,1,1
music-core,com.sismics.music.core.dao.dbi,PlaylistDao,update,4,1,1
music-core,com.sismics.music.core.dao.dbi,PlaylistDao,delete,5,1,1
music-core,com.sismics.music.core.dao.dbi,PlaylistDao,getDefaultPlaylistByUserId,3,1,1
music-core,com.sismics.music.core.dao.dbi,PlaylistDao,assembleResultList,12,2,1
music-core,com.sismics.music.core.dao.dbi,UserTrackDao,create,8,1,1
music-core,com.sismics.music.core.dao.dbi,UserTrackDao,getActiveUserTrack,4,1,2
music-core,com.sismics.music.core.dao.dbi,UserTrackDao,getOrCreateUserTrack,10,2,2
music-core,com.sismics.music.core.dao.dbi,UserTrackDao,update,5,1,1
music-core,com.sismics.music.core.dao.dbi,UserTrackDao,incrementPlayCount,5,1,2
music-core,com.sismics.music.core.dao.dbi,UserTrackDao,initPlayCount,7,2,3
music-core,com.sismics.music.core.dao.dbi,UserTrackDao,like,5,1,2
music-core,com.sismics.music.core.dao.dbi,UserTrackDao,unlike,5,1,2
music-core,com.sismics.music.core.dao.dbi,TranscoderDao,create,7,1,1
music-core,com.sismics.music.core.dao.dbi,TranscoderDao,update,5,1,1
music-core,com.sismics.music.core.dao.dbi,TranscoderDao,getActiveById,5,1,1
music-core,com.sismics.music.core.dao.dbi,TranscoderDao,delete,4,1,1
music-core,com.sismics.music.core.dao.dbi,TranscoderDao,findAll,5,1,0
music-core,com.sismics.music.core.dao.dbi,RolePrivilegeDao,findByRoleId,9,2,1
music-core,com.sismics.music.core.dao.dbi,ArtistDao,getQueryParam,16,3,2
music-core,com.sismics.music.core.dao.dbi,ArtistDao,create,7,1,1
music-core,com.sismics.music.core.dao.dbi,ArtistDao,update,5,1,1
music-core,com.sismics.music.core.dao.dbi,ArtistDao,getActiveByName,4,1,1
music-core,com.sismics.music.core.dao.dbi,ArtistDao,getActiveById,4,1,1
music-core,com.sismics.music.core.dao.dbi,ArtistDao,delete,4,1,1
music-core,com.sismics.music.core.dao.dbi,ArtistDao,deleteEmptyArtist,4,1,0
music-core,com.sismics.music.core.dao.dbi,ArtistDao,assembleResultList,11,2,1
music-core,com.sismics.music.core.dao.dbi,TrackDao,getQueryParam,70,15,2
music-core,com.sismics.music.core.dao.dbi,TrackDao,create,7,1,1
music-core,com.sismics.music.core.dao.dbi,TrackDao,update,5,1,1
music-core,com.sismics.music.core.dao.dbi,TrackDao,getActiveByDirectoryAndFilename,4,1,2
music-core,com.sismics.music.core.dao.dbi,TrackDao,getActiveByDirectoryInLocation,4,1,2
music-core,com.sismics.music.core.dao.dbi,TrackDao,getActiveById,4,1,1
music-core,com.sismics.music.core.dao.dbi,TrackDao,delete,4,1,1
music-core,com.sismics.music.core.dao.dbi,AlbumDao,getQueryParam,36,7,2
music-core,com.sismics.music.core.dao.dbi,AlbumDao,create,13,3,1
music-core,com.sismics.music.core.dao.dbi,AlbumDao,update,5,1,1
music-core,com.sismics.music.core.dao.dbi,AlbumDao,updateAlbumDate,5,1,1
music-core,com.sismics.music.core.dao.dbi,AlbumDao,getActiveByArtistIdAndName,4,1,2
music-core,com.sismics.music.core.dao.dbi,AlbumDao,getActiveByArtistId,4,1,1
music-core,com.sismics.music.core.dao.dbi,AlbumDao,getFavoriteCountByAlbum,4,1,1
music-core,com.sismics.music.core.dao.dbi,AlbumDao,delete,4,1,1
music-core,com.sismics.music.core.dao.dbi,AlbumDao,deleteEmptyAlbum,4,1,0
music-core,com.sismics.music.core.dao.dbi,LocaleDao,getById,4,1,1
music-core,com.sismics.music.core.dao.dbi,LocaleDao,findAll,4,1,0
music-core,com.sismics.music.core.dao.dbi,PlaylistTrackDao,create,5,1,1
music-core,com.sismics.music.core.dao.dbi,PlaylistTrackDao,deleteByPlaylistId,4,1,1
music-core,com.sismics.music.core.dao.dbi,PlaylistTrackDao,getPlaylistTrackNextOrder,5,1,1
music-core,com.sismics.music.core.dao.dbi,PlaylistTrackDao,insertPlaylistTrack,9,1,3
music-core,com.sismics.music.core.dao.dbi,PlaylistTrackDao,removePlaylistTrack,10,2,2
music-core,com.sismics.music.core.dao.dbi,ConfigDao,getById,7,2,1
music-core,com.sismics.music.core.dao.dbi,DirectoryDao,create,8,1,1
music-core,com.sismics.music.core.dao.dbi,DirectoryDao,update,6,1,1
music-core,com.sismics.music.core.dao.dbi,DirectoryDao,getActiveById,4,1,1
music-core,com.sismics.music.core.dao.dbi,DirectoryDao,delete,4,1,1
music-core,com.sismics.music.core.dao.dbi,DirectoryDao,findAllEnabled,4,1,0
music-core,com.sismics.music.core.dao.dbi,DirectoryDao,findAll,4,1,0
music-core,com.sismics.music.core.dao.dbi,AuthenticationTokenDao,get,4,1,1
music-core,com.sismics.music.core.dao.dbi,AuthenticationTokenDao,create,7,1,1
music-core,com.sismics.music.core.dao.dbi,AuthenticationTokenDao,delete,10,2,1
music-core,com.sismics.music.core.dao.dbi,AuthenticationTokenDao,deleteOldSessionToken,4,1,1
music-core,com.sismics.music.core.dao.dbi,AuthenticationTokenDao,updateLastConnectionDate,4,1,1
music-core,com.sismics.music.core.dao.dbi,PlayerDao,create,6,1,1
music-core,com.sismics.music.core.dao.dbi,PlayerDao,delete,4,1,1
music-core,com.sismics.music.core.dao.dbi,PlayerDao,getById,4,1,1
music-core,com.sismics.music.core.dao.dbi,TestDbi,testJpa,13,1,0
music-core,com.sismics.music.core.dao.dbi.criteria,PlaylistCriteria,getId,3,1,0
music-core,com.sismics.music.core.dao.dbi.criteria,PlaylistCriteria,setId,4,1,1
music-core,com.sismics.music.core.dao.dbi.criteria,PlaylistCriteria,getDefaultPlaylist,3,1,0
music-core,com.sismics.music.core.dao.dbi.criteria,PlaylistCriteria,setDefaultPlaylist,4,1,1
music-core,com.sismics.music.core.dao.dbi.criteria,PlaylistCriteria,getNameLike,3,1,0
music-core,com.sismics.music.core.dao.dbi.criteria,PlaylistCriteria,setNameLike,4,1,1
music-core,com.sismics.music.core.dao.dbi.criteria,PlaylistCriteria,getUserId,3,1,0
music-core,com.sismics.music.core.dao.dbi.criteria,PlaylistCriteria,setUserId,4,1,1
music-core,com.sismics.music.core.dao.dbi.criteria,ArtistCriteria,getId,3,1,0
music-core,com.sismics.music.core.dao.dbi.criteria,ArtistCriteria,getNameLike,3,1,0
music-core,com.sismics.music.core.dao.dbi.criteria,ArtistCriteria,setNameLike,4,1,1
music-core,com.sismics.music.core.dao.dbi.criteria,ArtistCriteria,setId,4,1,1
music-core,com.sismics.music.core.dao.dbi.criteria,UserCriteria,isLastFmSessionTokenNotNull,3,1,0
music-core,com.sismics.music.core.dao.dbi.criteria,UserCriteria,setLastFmSessionTokenNotNull,4,1,1
music-core,com.sismics.music.core.dao.dbi.criteria,TrackCriteria,getAlbumId,3,1,0
music-core,com.sismics.music.core.dao.dbi.criteria,TrackCriteria,setAlbumId,4,1,1
music-core,com.sismics.music.core.dao.dbi.criteria,TrackCriteria,getUserId,3,1,0
music-core,com.sismics.music.core.dao.dbi.criteria,TrackCriteria,setUserId,4,1,1
music-core,com.sismics.music.core.dao.dbi.criteria,TrackCriteria,getPlaylistId,3,1,0
music-core,com.sismics.music.core.dao.dbi.criteria,TrackCriteria,setPlaylistId,4,1,1
music-core,com.sismics.music.core.dao.dbi.criteria,TrackCriteria,getTitle,3,1,0
music-core,com.sismics.music.core.dao.dbi.criteria,TrackCriteria,setTitle,4,1,1
music-core,com.sismics.music.core.dao.dbi.criteria,TrackCriteria,getLike,3,1,0
music-core,com.sismics.music.core.dao.dbi.criteria,TrackCriteria,setLike,4,1,1
music-core,com.sismics.music.core.dao.dbi.criteria,TrackCriteria,getDirectoryId,3,1,0
music-core,com.sismics.music.core.dao.dbi.criteria,TrackCriteria,setDirectoryId,4,1,1
music-core,com.sismics.music.core.dao.dbi.criteria,TrackCriteria,getArtistName,3,1,0
music-core,com.sismics.music.core.dao.dbi.criteria,TrackCriteria,setArtistName,4,1,1
music-core,com.sismics.music.core.dao.dbi.criteria,TrackCriteria,getArtistId,3,1,0
music-core,com.sismics.music.core.dao.dbi.criteria,TrackCriteria,setArtistId,4,1,1
music-core,com.sismics.music.core.dao.dbi.criteria,TrackCriteria,getRandom,3,1,0
music-core,com.sismics.music.core.dao.dbi.criteria,TrackCriteria,setRandom,4,1,1
music-core,com.sismics.music.core.dao.dbi.criteria,AlbumCriteria,getId,3,1,0
music-core,com.sismics.music.core.dao.dbi.criteria,AlbumCriteria,setId,4,1,1
music-core,com.sismics.music.core.dao.dbi.criteria,AlbumCriteria,getDirectoryId,3,1,0
music-core,com.sismics.music.core.dao.dbi.criteria,AlbumCriteria,setDirectoryId,4,1,1
music-core,com.sismics.music.core.dao.dbi.criteria,AlbumCriteria,getArtistId,3,1,0
music-core,com.sismics.music.core.dao.dbi.criteria,AlbumCriteria,setArtistId,4,1,1
music-core,com.sismics.music.core.dao.dbi.criteria,AlbumCriteria,getNameLike,3,1,0
music-core,com.sismics.music.core.dao.dbi.criteria,AlbumCriteria,setNameLike,4,1,1
music-core,com.sismics.music.core.dao.dbi.criteria,AlbumCriteria,getUserId,3,1,0
music-core,com.sismics.music.core.dao.dbi.criteria,AlbumCriteria,setUserId,4,1,1
music-core,com.sismics.music.core.dao.dbi.dto,TrackDto,getId,3,1,0
music-core,com.sismics.music.core.dao.dbi.dto,TrackDto,setId,3,1,1
music-core,com.sismics.music.core.dao.dbi.dto,TrackDto,getFileName,3,1,0
music-core,com.sismics.music.core.dao.dbi.dto,TrackDto,setFileName,3,1,1
music-core,com.sismics.music.core.dao.dbi.dto,TrackDto,getTitle,3,1,0
music-core,com.sismics.music.core.dao.dbi.dto,TrackDto,setTitle,3,1,1
music-core,com.sismics.music.core.dao.dbi.dto,TrackDto,getYear,3,1,0
music-core,com.sismics.music.core.dao.dbi.dto,TrackDto,setYear,3,1,1
music-core,com.sismics.music.core.dao.dbi.dto,TrackDto,getGenre,3,1,0
music-core,com.sismics.music.core.dao.dbi.dto,TrackDto,setGenre,3,1,1
music-core,com.sismics.music.core.dao.dbi.dto,TrackDto,getLength,3,1,0
music-core,com.sismics.music.core.dao.dbi.dto,TrackDto,setLength,3,1,1
music-core,com.sismics.music.core.dao.dbi.dto,TrackDto,getBitrate,3,1,0
music-core,com.sismics.music.core.dao.dbi.dto,TrackDto,setBitrate,3,1,1
music-core,com.sismics.music.core.dao.dbi.dto,TrackDto,getOrder,3,1,0
music-core,com.sismics.music.core.dao.dbi.dto,TrackDto,setOrder,3,1,1
music-core,com.sismics.music.core.dao.dbi.dto,TrackDto,isVbr,3,1,0
music-core,com.sismics.music.core.dao.dbi.dto,TrackDto,setVbr,3,1,1
music-core,com.sismics.music.core.dao.dbi.dto,TrackDto,getFormat,3,1,0
music-core,com.sismics.music.core.dao.dbi.dto,TrackDto,setFormat,3,1,1
music-core,com.sismics.music.core.dao.dbi.dto,TrackDto,getUserTrackPlayCount,3,1,0
music-core,com.sismics.music.core.dao.dbi.dto,TrackDto,setUserTrackPlayCount,3,1,1
music-core,com.sismics.music.core.dao.dbi.dto,TrackDto,isUserTrackLike,3,1,0
music-core,com.sismics.music.core.dao.dbi.dto,TrackDto,setUserTrackLike,3,1,1
music-core,com.sismics.music.core.dao.dbi.dto,TrackDto,getArtistId,3,1,0
music-core,com.sismics.music.core.dao.dbi.dto,TrackDto,setArtistId,3,1,1
music-core,com.sismics.music.core.dao.dbi.dto,TrackDto,getArtistName,3,1,0
music-core,com.sismics.music.core.dao.dbi.dto,TrackDto,setArtistName,3,1,1
music-core,com.sismics.music.core.dao.dbi.dto,TrackDto,getAlbumId,3,1,0
music-core,com.sismics.music.core.dao.dbi.dto,TrackDto,setAlbumId,3,1,1
music-core,com.sismics.music.core.dao.dbi.dto,TrackDto,getAlbumName,3,1,0
music-core,com.sismics.music.core.dao.dbi.dto,TrackDto,setAlbumName,3,1,1
music-core,com.sismics.music.core.dao.dbi.dto,TrackDto,getAlbumArt,3,1,0
music-core,com.sismics.music.core.dao.dbi.dto,TrackDto,setAlbumArt,3,1,1
music-core,com.sismics.music.core.dao.dbi.dto,UserDto,getId,3,1,0
music-core,com.sismics.music.core.dao.dbi.dto,UserDto,setId,3,1,1
music-core,com.sismics.music.core.dao.dbi.dto,UserDto,getLocaleId,3,1,0
music-core,com.sismics.music.core.dao.dbi.dto,UserDto,setLocaleId,3,1,1
music-core,com.sismics.music.core.dao.dbi.dto,UserDto,getUsername,3,1,0
music-core,com.sismics.music.core.dao.dbi.dto,UserDto,setUsername,3,1,1
music-core,com.sismics.music.core.dao.dbi.dto,UserDto,getEmail,3,1,0
music-core,com.sismics.music.core.dao.dbi.dto,UserDto,setEmail,3,1,1
music-core,com.sismics.music.core.dao.dbi.dto,UserDto,getCreateTimestamp,3,1,0
music-core,com.sismics.music.core.dao.dbi.dto,UserDto,setCreateTimestamp,3,1,1
music-core,com.sismics.music.core.dao.dbi.dto,ArtistDto,getId,3,1,0
music-core,com.sismics.music.core.dao.dbi.dto,ArtistDto,setId,3,1,1
music-core,com.sismics.music.core.dao.dbi.dto,ArtistDto,getName,3,1,0
music-core,com.sismics.music.core.dao.dbi.dto,ArtistDto,setName,3,1,1
music-core,com.sismics.music.core.dao.dbi.dto,AlbumDto,getId,3,1,0
music-core,com.sismics.music.core.dao.dbi.dto,AlbumDto,setId,3,1,1
music-core,com.sismics.music.core.dao.dbi.dto,AlbumDto,getName,3,1,0
music-core,com.sismics.music.core.dao.dbi.dto,AlbumDto,setName,3,1,1
music-core,com.sismics.music.core.dao.dbi.dto,AlbumDto,getAlbumArt,3,1,0
music-core,com.sismics.music.core.dao.dbi.dto,AlbumDto,setAlbumArt,3,1,1
music-core,com.sismics.music.core.dao.dbi.dto,AlbumDto,getArtistId,3,1,0
music-core,com.sismics.music.core.dao.dbi.dto,AlbumDto,setArtistId,3,1,1
music-core,com.sismics.music.core.dao.dbi.dto,AlbumDto,getArtistName,3,1,0
music-core,com.sismics.music.core.dao.dbi.dto,AlbumDto,setArtistName,3,1,1
music-core,com.sismics.music.core.dao.dbi.dto,AlbumDto,getUpdateDate,3,1,0
music-core,com.sismics.music.core.dao.dbi.dto,AlbumDto,setUpdateDate,3,1,1
music-core,com.sismics.music.core.dao.dbi.dto,AlbumDto,getUserPlayCount,3,1,0
music-core,com.sismics.music.core.dao.dbi.dto,AlbumDto,setUserPlayCount,3,1,1
music-core,com.sismics.music.core.dao.dbi.dto,PlaylistDto,getId,3,1,0
music-core,com.sismics.music.core.dao.dbi.dto,PlaylistDto,setId,3,1,1
music-core,com.sismics.music.core.dao.dbi.dto,PlaylistDto,getName,3,1,0
music-core,com.sismics.music.core.dao.dbi.dto,PlaylistDto,setName,3,1,1
music-core,com.sismics.music.core.dao.dbi.dto,PlaylistDto,getUserId,3,1,0
music-core,com.sismics.music.core.dao.dbi.dto,PlaylistDto,setUserId,3,1,1
music-core,com.sismics.music.core.dao.dbi.dto,PlaylistDto,getPlaylistTrackCount,3,1,0
music-core,com.sismics.music.core.dao.dbi.dto,PlaylistDto,setPlaylistTrackCount,3,1,1
music-core,com.sismics.music.core.dao.dbi.dto,PlaylistDto,getUserTrackPlayCount,3,1,0
music-core,com.sismics.music.core.dao.dbi.dto,PlaylistDto,setUserTrackPlayCount,3,1,1
music-core,com.sismics.music.core.dao.dbi.mapper,RoleMapper,map,3,1,3
music-core,com.sismics.music.core.dao.dbi.mapper,ConfigMapper,map,3,1,3
music-core,com.sismics.music.core.dao.dbi.mapper,PlaylistMapper,map,9,1,3
music-core,com.sismics.music.core.dao.dbi.mapper,AlbumDtoMapper,map,11,1,3
music-core,com.sismics.music.core.dao.dbi.mapper,TrackMapper,getColumns,3,1,0
music-core,com.sismics.music.core.dao.dbi.mapper,TrackMapper,map,5,1,3
music-core,com.sismics.music.core.dao.dbi.mapper,TranscoderMapper,getColumns,3,1,0
music-core,com.sismics.music.core.dao.dbi.mapper,TranscoderMapper,map,5,1,3
music-core,com.sismics.music.core.dao.dbi.mapper,UserMapper,getColumns,3,1,0
music-core,com.sismics.music.core.dao.dbi.mapper,UserMapper,map,5,1,3
music-core,com.sismics.music.core.dao.dbi.mapper,UserAlbumMapper,getColumns,3,1,0
music-core,com.sismics.music.core.dao.dbi.mapper,UserAlbumMapper,map,5,1,3
music-core,com.sismics.music.core.dao.dbi.mapper,PrivilegeMapper,map,3,1,3
music-core,com.sismics.music.core.dao.dbi.mapper,PlaylistTrackMapper,map,3,1,3
music-core,com.sismics.music.core.dao.dbi.mapper,ArtistMapper,getColumns,3,1,0
music-core,com.sismics.music.core.dao.dbi.mapper,ArtistMapper,map,5,1,3
music-core,com.sismics.music.core.dao.dbi.mapper,AlbumMapper,getColumns,3,1,0
music-core,com.sismics.music.core.dao.dbi.mapper,AlbumMapper,map,5,1,3
music-core,com.sismics.music.core.dao.dbi.mapper,UserTrackMapper,getColumns,3,1,0
music-core,com.sismics.music.core.dao.dbi.mapper,UserTrackMapper,map,5,1,3
music-core,com.sismics.music.core.dao.dbi.mapper,TrackDtoMapper,map,21,1,3
music-core,com.sismics.music.core.dao.dbi.mapper,RolePrivilegeMapper,map,3,1,3
music-core,com.sismics.music.core.dao.dbi.mapper,DirectoryMapper,map,3,1,3
music-core,com.sismics.music.core.dao.dbi.mapper,LocaleMapper,map,3,1,3
music-core,com.sismics.music.core.dao.dbi.mapper,UserDtoMapper,map,9,1,3
music-core,com.sismics.music.core.dao.dbi.mapper,AuthenticationTokenMapper,map,3,1,3
music-core,com.sismics.music.core.dao.dbi.mapper,PlayerMapper,map,3,1,3
music-core,com.sismics.music.core.dao.dbi.mapper,ArtistDtoMapper,map,6,1,3
music-core,com.sismics.music.core.model.context,AppContext,AppContext,13,1,0
music-core,com.sismics.music.core.model.context,AppContext,resetEventBus,17,1,0
music-core,com.sismics.music.core.model.context,AppContext,getInstance,6,2,0
music-core,com.sismics.music.core.model.context,AppContext,newAsyncEventBus,10,2,0
music-core,com.sismics.music.core.model.context,AppContext,getEventBus,3,1,0
music-core,com.sismics.music.core.model.context,AppContext,getCollectionService,3,1,0
music-core,com.sismics.music.core.model.context,AppContext,getCollectionWatchService,3,1,0
music-core,com.sismics.music.core.model.context,AppContext,getAlbumArtService,3,1,0
music-core,com.sismics.music.core.model.context,AppContext,getLastFmService,3,1,0
music-core,com.sismics.music.core.model.context,AppContext,getTranscoderService,3,1,0
music-core,com.sismics.music.core.model.context,AppContext,getPlayerService,3,1,0
music-core,com.sismics.music.core.model.context,AppContext,getAsyncEventBus,3,1,0
music-core,com.sismics.music.core.model.context,AppContext,getCollectionEventBus,3,1,0
music-core,com.sismics.music.core.model.context,AppContext,getLastFmEventBus,3,1,0
music-core,com.sismics.music.core.model.context,AppContext,getImportAudioService,3,1,0
music-core,com.sismics.music.core.model.dbi,Locale,getId,3,1,0
music-core,com.sismics.music.core.model.dbi,Locale,Locale,3,1,1
music-core,com.sismics.music.core.model.dbi,Locale,setId,3,1,1
music-core,com.sismics.music.core.model.dbi,Locale,toString,3,1,0
music-core,com.sismics.music.core.model.dbi,Config,Config,2,1,0
music-core,com.sismics.music.core.model.dbi,Config,Config,4,1,2
music-core,com.sismics.music.core.model.dbi,Config,getId,3,1,0
music-core,com.sismics.music.core.model.dbi,Config,setId,3,1,1
music-core,com.sismics.music.core.model.dbi,Config,getValue,3,1,0
music-core,com.sismics.music.core.model.dbi,Config,setValue,3,1,1
music-core,com.sismics.music.core.model.dbi,Config,toString,3,1,0
music-core,com.sismics.music.core.model.dbi,Track,Track,2,1,0
music-core,com.sismics.music.core.model.dbi,Track,Track,17,1,15
music-core,com.sismics.music.core.model.dbi,Track,getId,3,1,0
music-core,com.sismics.music.core.model.dbi,Track,setId,3,1,1
music-core,com.sismics.music.core.model.dbi,Track,getAlbumId,3,1,0
music-core,com.sismics.music.core.model.dbi,Track,setAlbumId,3,1,1
music-core,com.sismics.music.core.model.dbi,Track,getArtistId,3,1,0
music-core,com.sismics.music.core.model.dbi,Track,setArtistId,3,1,1
music-core,com.sismics.music.core.model.dbi,Track,getTitle,3,1,0
music-core,com.sismics.music.core.model.dbi,Track,setTitle,3,1,1
music-core,com.sismics.music.core.model.dbi,Track,getFileName,3,1,0
music-core,com.sismics.music.core.model.dbi,Track,setFileName,3,1,1
music-core,com.sismics.music.core.model.dbi,Track,getYear,3,1,0
music-core,com.sismics.music.core.model.dbi,Track,setYear,3,1,1
music-core,com.sismics.music.core.model.dbi,Track,getGenre,3,1,0
music-core,com.sismics.music.core.model.dbi,Track,setGenre,3,1,1
music-core,com.sismics.music.core.model.dbi,Track,getLength,3,1,0
music-core,com.sismics.music.core.model.dbi,Track,setLength,3,1,1
music-core,com.sismics.music.core.model.dbi,Track,getBitrate,3,1,0
music-core,com.sismics.music.core.model.dbi,Track,setBitrate,3,1,1
music-core,com.sismics.music.core.model.dbi,Track,getOrder,3,1,0
music-core,com.sismics.music.core.model.dbi,Track,setOrder,3,1,1
music-core,com.sismics.music.core.model.dbi,Track,isVbr,3,1,0
music-core,com.sismics.music.core.model.dbi,Track,setVbr,3,1,1
music-core,com.sismics.music.core.model.dbi,Track,getFormat,3,1,0
music-core,com.sismics.music.core.model.dbi,Track,setFormat,3,1,1
music-core,com.sismics.music.core.model.dbi,Track,getCreateDate,3,1,0
music-core,com.sismics.music.core.model.dbi,Track,setCreateDate,3,1,1
music-core,com.sismics.music.core.model.dbi,Track,getDeleteDate,3,1,0
music-core,com.sismics.music.core.model.dbi,Track,setDeleteDate,3,1,1
music-core,com.sismics.music.core.model.dbi,Track,getTitleCorrected,3,1,0
music-core,com.sismics.music.core.model.dbi,Track,setTitleCorrected,3,1,1
music-core,com.sismics.music.core.model.dbi,Track,toString,3,1,0
music-core,com.sismics.music.core.model.dbi,Transcoder,Transcoder,2,1,0
music-core,com.sismics.music.core.model.dbi,Transcoder,Transcoder,10,1,8
music-core,com.sismics.music.core.model.dbi,Transcoder,getId,3,1,0
music-core,com.sismics.music.core.model.dbi,Transcoder,setId,3,1,1
music-core,com.sismics.music.core.model.dbi,Transcoder,getName,3,1,0
music-core,com.sismics.music.core.model.dbi,Transcoder,setName,3,1,1
music-core,com.sismics.music.core.model.dbi,Transcoder,getSource,3,1,0
music-core,com.sismics.music.core.model.dbi,Transcoder,setSource,3,1,1
music-core,com.sismics.music.core.model.dbi,Transcoder,getDestination,3,1,0
music-core,com.sismics.music.core.model.dbi,Transcoder,setDestination,3,1,1
music-core,com.sismics.music.core.model.dbi,Transcoder,getStep1,3,1,0
music-core,com.sismics.music.core.model.dbi,Transcoder,setStep1,3,1,1
music-core,com.sismics.music.core.model.dbi,Transcoder,getStep2,3,1,0
music-core,com.sismics.music.core.model.dbi,Transcoder,setStep2,3,1,1
music-core,com.sismics.music.core.model.dbi,Transcoder,getCreateDate,3,1,0
music-core,com.sismics.music.core.model.dbi,Transcoder,setCreateDate,3,1,1
music-core,com.sismics.music.core.model.dbi,Transcoder,getDeleteDate,3,1,0
music-core,com.sismics.music.core.model.dbi,Transcoder,setDeleteDate,3,1,1
music-core,com.sismics.music.core.model.dbi,Transcoder,toString,3,1,0
music-core,com.sismics.music.core.model.dbi,Artist,Artist,2,1,0
music-core,com.sismics.music.core.model.dbi,Artist,Artist,7,1,5
music-core,com.sismics.music.core.model.dbi,Artist,getId,3,1,0
music-core,com.sismics.music.core.model.dbi,Artist,setId,3,1,1
music-core,com.sismics.music.core.model.dbi,Artist,getName,3,1,0
music-core,com.sismics.music.core.model.dbi,Artist,setName,3,1,1
music-core,com.sismics.music.core.model.dbi,Artist,getNameCorrected,3,1,0
music-core,com.sismics.music.core.model.dbi,Artist,setNameCorrected,3,1,1
music-core,com.sismics.music.core.model.dbi,Artist,getCreateDate,3,1,0
music-core,com.sismics.music.core.model.dbi,Artist,setCreateDate,3,1,1
music-core,com.sismics.music.core.model.dbi,Artist,getDeleteDate,3,1,0
music-core,com.sismics.music.core.model.dbi,Artist,setDeleteDate,3,1,1
music-core,com.sismics.music.core.model.dbi,Artist,toString,3,1,0
music-core,com.sismics.music.core.model.dbi,Playlist,Playlist,2,1,0
music-core,com.sismics.music.core.model.dbi,Playlist,Playlist,3,1,1
music-core,com.sismics.music.core.model.dbi,Playlist,Playlist,4,1,2
music-core,com.sismics.music.core.model.dbi,Playlist,getId,3,1,0
music-core,com.sismics.music.core.model.dbi,Playlist,setId,3,1,1
music-core,com.sismics.music.core.model.dbi,Playlist,getUserId,3,1,0
music-core,com.sismics.music.core.model.dbi,Playlist,getName,3,1,0
music-core,com.sismics.music.core.model.dbi,Playlist,setName,3,1,1
music-core,com.sismics.music.core.model.dbi,Playlist,setUserId,3,1,1
music-core,com.sismics.music.core.model.dbi,Playlist,createPlaylist,4,1,1
music-core,com.sismics.music.core.model.dbi,Playlist,updatePlaylist,3,1,1
music-core,com.sismics.music.core.model.dbi,Playlist,deletePlaylist,3,1,1
music-core,com.sismics.music.core.model.dbi,Playlist,toString,3,1,0
music-core,com.sismics.music.core.model.dbi,Role,Role,2,1,0
music-core,com.sismics.music.core.model.dbi,Role,Role,6,1,4
music-core,com.sismics.music.core.model.dbi,Role,getId,3,1,0
music-core,com.sismics.music.core.model.dbi,Role,setId,3,1,1
music-core,com.sismics.music.core.model.dbi,Role,getName,3,1,0
music-core,com.sismics.music.core.model.dbi,Role,setName,3,1,1
music-core,com.sismics.music.core.model.dbi,Role,getCreateDate,3,1,0
music-core,com.sismics.music.core.model.dbi,Role,setCreateDate,3,1,1
music-core,com.sismics.music.core.model.dbi,Role,getDeleteDate,3,1,0
music-core,com.sismics.music.core.model.dbi,Role,setDeleteDate,3,1,1
music-core,com.sismics.music.core.model.dbi,Role,toString,3,1,0
music-core,com.sismics.music.core.model.dbi,Album,Album,2,1,0
music-core,com.sismics.music.core.model.dbi,Album,Album,3,1,1
music-core,com.sismics.music.core.model.dbi,Album,Album,11,1,9
music-core,com.sismics.music.core.model.dbi,Album,getActiveById,4,1,1
music-core,com.sismics.music.core.model.dbi,Album,getId,3,1,0
music-core,com.sismics.music.core.model.dbi,Album,setId,3,1,1
music-core,com.sismics.music.core.model.dbi,Album,getDirectoryId,3,1,0
music-core,com.sismics.music.core.model.dbi,Album,setDirectoryId,3,1,1
music-core,com.sismics.music.core.model.dbi,Album,getArtistId,3,1,0
music-core,com.sismics.music.core.model.dbi,Album,setArtistId,3,1,1
music-core,com.sismics.music.core.model.dbi,Album,getName,3,1,0
music-core,com.sismics.music.core.model.dbi,Album,setName,3,1,1
music-core,com.sismics.music.core.model.dbi,Album,getAlbumArt,3,1,0
music-core,com.sismics.music.core.model.dbi,Album,setAlbumArt,3,1,1
music-core,com.sismics.music.core.model.dbi,Album,getCreateDate,3,1,0
music-core,com.sismics.music.core.model.dbi,Album,setCreateDate,3,1,1
music-core,com.sismics.music.core.model.dbi,Album,getUpdateDate,3,1,0
music-core,com.sismics.music.core.model.dbi,Album,setUpdateDate,3,1,1
music-core,com.sismics.music.core.model.dbi,Album,getDeleteDate,3,1,0
music-core,com.sismics.music.core.model.dbi,Album,setDeleteDate,3,1,1
music-core,com.sismics.music.core.model.dbi,Album,getLocation,3,1,0
music-core,com.sismics.music.core.model.dbi,Album,setLocation,3,1,1
music-core,com.sismics.music.core.model.dbi,Album,toString,3,1,0
music-core,com.sismics.music.core.model.dbi,Privilege,Privilege,3,1,1
music-core,com.sismics.music.core.model.dbi,Privilege,getId,3,1,0
music-core,com.sismics.music.core.model.dbi,Privilege,setId,3,1,1
music-core,com.sismics.music.core.model.dbi,Privilege,toString,3,1,0
music-core,com.sismics.music.core.model.dbi,Directory,Directory,2,1,0
music-core,com.sismics.music.core.model.dbi,Directory,Directory,7,1,5
music-core,com.sismics.music.core.model.dbi,Directory,getId,3,1,0
music-core,com.sismics.music.core.model.dbi,Directory,setId,3,1,1
music-core,com.sismics.music.core.model.dbi,Directory,getLocation,3,1,0
music-core,com.sismics.music.core.model.dbi,Directory,setLocation,3,1,1
music-core,com.sismics.music.core.model.dbi,Directory,getCreateDate,3,1,0
music-core,com.sismics.music.core.model.dbi,Directory,setCreateDate,3,1,1
music-core,com.sismics.music.core.model.dbi,Directory,getDisableDate,3,1,0
music-core,com.sismics.music.core.model.dbi,Directory,setDisableDate,3,1,1
music-core,com.sismics.music.core.model.dbi,Directory,getDeleteDate,3,1,0
music-core,com.sismics.music.core.model.dbi,Directory,setDeleteDate,3,1,1
music-core,com.sismics.music.core.model.dbi,Directory,normalizeLocation,3,1,0
music-core,com.sismics.music.core.model.dbi,Directory,hashCode,3,1,0
music-core,com.sismics.music.core.model.dbi,Directory,equals,6,2,1
music-core,com.sismics.music.core.model.dbi,Directory,toString,3,1,0
music-core,com.sismics.music.core.model.dbi,User,User,2,1,0
music-core,com.sismics.music.core.model.dbi,User,User,14,1,12
music-core,com.sismics.music.core.model.dbi,User,getId,3,1,0
music-core,com.sismics.music.core.model.dbi,User,setId,3,1,1
music-core,com.sismics.music.core.model.dbi,User,getLocaleId,3,1,0
music-core,com.sismics.music.core.model.dbi,User,setLocaleId,3,1,1
music-core,com.sismics.music.core.model.dbi,User,getRoleId,3,1,0
music-core,com.sismics.music.core.model.dbi,User,setRoleId,3,1,1
music-core,com.sismics.music.core.model.dbi,User,getUsername,3,1,0
music-core,com.sismics.music.core.model.dbi,User,setUsername,3,1,1
music-core,com.sismics.music.core.model.dbi,User,getPassword,3,1,0
music-core,com.sismics.music.core.model.dbi,User,setPassword,3,1,1
music-core,com.sismics.music.core.model.dbi,User,getEmail,3,1,0
music-core,com.sismics.music.core.model.dbi,User,setEmail,3,1,1
music-core,com.sismics.music.core.model.dbi,User,getMaxBitrate,3,1,0
music-core,com.sismics.music.core.model.dbi,User,setMaxBitrate,3,1,1
music-core,com.sismics.music.core.model.dbi,User,getLastFmSessionToken,3,1,0
music-core,com.sismics.music.core.model.dbi,User,setLastFmSessionToken,3,1,1
music-core,com.sismics.music.core.model.dbi,User,isLastFmActive,3,1,0
music-core,com.sismics.music.core.model.dbi,User,setLastFmActive,3,1,1
music-core,com.sismics.music.core.model.dbi,User,isFirstConnection,3,1,0
music-core,com.sismics.music.core.model.dbi,User,setFirstConnection,3,1,1
music-core,com.sismics.music.core.model.dbi,User,getCreateDate,3,1,0
music-core,com.sismics.music.core.model.dbi,User,setCreateDate,3,1,1
music-core,com.sismics.music.core.model.dbi,User,getDeleteDate,3,1,0
music-core,com.sismics.music.core.model.dbi,User,setDeleteDate,3,1,1
music-core,com.sismics.music.core.model.dbi,User,toString,3,1,0
music-core,com.sismics.music.core.model.dbi,RolePrivilege,RolePrivilege,2,1,0
music-core,com.sismics.music.core.model.dbi,RolePrivilege,RolePrivilege,7,1,5
music-core,com.sismics.music.core.model.dbi,RolePrivilege,getId,3,1,0
music-core,com.sismics.music.core.model.dbi,RolePrivilege,setId,3,1,1
music-core,com.sismics.music.core.model.dbi,RolePrivilege,getRoleId,3,1,0
music-core,com.sismics.music.core.model.dbi,RolePrivilege,setRoleId,3,1,1
music-core,com.sismics.music.core.model.dbi,RolePrivilege,getPrivilegeId,3,1,0
music-core,com.sismics.music.core.model.dbi,RolePrivilege,setPrivilegeId,3,1,1
music-core,com.sismics.music.core.model.dbi,RolePrivilege,getCreateDate,3,1,0
music-core,com.sismics.music.core.model.dbi,RolePrivilege,setCreateDate,3,1,1
music-core,com.sismics.music.core.model.dbi,RolePrivilege,getDeleteDate,3,1,0
music-core,com.sismics.music.core.model.dbi,RolePrivilege,setDeleteDate,3,1,1
music-core,com.sismics.music.core.model.dbi,RolePrivilege,toString,3,1,0
music-core,com.sismics.music.core.model.dbi,UserTrack,UserTrack,2,1,0
music-core,com.sismics.music.core.model.dbi,UserTrack,UserTrack,9,1,7
music-core,com.sismics.music.core.model.dbi,UserTrack,getId,3,1,0
music-core,com.sismics.music.core.model.dbi,UserTrack,setId,3,1,1
music-core,com.sismics.music.core.model.dbi,UserTrack,getUserId,3,1,0
music-core,com.sismics.music.core.model.dbi,UserTrack,setUserId,3,1,1
music-core,com.sismics.music.core.model.dbi,UserTrack,getTrackId,3,1,0
music-core,com.sismics.music.core.model.dbi,UserTrack,setTrackId,3,1,1
music-core,com.sismics.music.core.model.dbi,UserTrack,getPlayCount,3,1,0
music-core,com.sismics.music.core.model.dbi,UserTrack,setPlayCount,3,1,1
music-core,com.sismics.music.core.model.dbi,UserTrack,isLike,3,1,0
music-core,com.sismics.music.core.model.dbi,UserTrack,setLike,3,1,1
music-core,com.sismics.music.core.model.dbi,UserTrack,getCreateDate,3,1,0
music-core,com.sismics.music.core.model.dbi,UserTrack,setCreateDate,3,1,1
music-core,com.sismics.music.core.model.dbi,UserTrack,getDeleteDate,3,1,0
music-core,com.sismics.music.core.model.dbi,UserTrack,setDeleteDate,3,1,1
music-core,com.sismics.music.core.model.dbi,UserTrack,toString,3,1,0
music-core,com.sismics.music.core.model.dbi,UserAlbum,UserAlbum,2,1,0
music-core,com.sismics.music.core.model.dbi,UserAlbum,UserAlbum,8,1,6
music-core,com.sismics.music.core.model.dbi,UserAlbum,getId,3,1,0
music-core,com.sismics.music.core.model.dbi,UserAlbum,setId,3,1,1
music-core,com.sismics.music.core.model.dbi,UserAlbum,getUserId,3,1,0
music-core,com.sismics.music.core.model.dbi,UserAlbum,setUserId,3,1,1
music-core,com.sismics.music.core.model.dbi,UserAlbum,getAlbumId,3,1,0
music-core,com.sismics.music.core.model.dbi,UserAlbum,setAlbumId,3,1,1
music-core,com.sismics.music.core.model.dbi,UserAlbum,getScore,3,1,0
music-core,com.sismics.music.core.model.dbi,UserAlbum,setScore,3,1,1
music-core,com.sismics.music.core.model.dbi,UserAlbum,getCreateDate,3,1,0
music-core,com.sismics.music.core.model.dbi,UserAlbum,setCreateDate,3,1,1
music-core,com.sismics.music.core.model.dbi,UserAlbum,getDeleteDate,3,1,0
music-core,com.sismics.music.core.model.dbi,UserAlbum,setDeleteDate,3,1,1
music-core,com.sismics.music.core.model.dbi,UserAlbum,toString,3,1,0
music-core,com.sismics.music.core.model.dbi,Player,Player,2,1,0
music-core,com.sismics.music.core.model.dbi,Player,Player,3,1,1
music-core,com.sismics.music.core.model.dbi,Player,getId,3,1,0
music-core,com.sismics.music.core.model.dbi,Player,setId,3,1,1
music-core,com.sismics.music.core.model.dbi,Player,toString,3,1,0
music-core,com.sismics.music.core.model.dbi,AuthenticationToken,AuthenticationToken,2,1,0
music-core,com.sismics.music.core.model.dbi,AuthenticationToken,AuthenticationToken,7,1,5
music-core,com.sismics.music.core.model.dbi,AuthenticationToken,getId,3,1,0
music-core,com.sismics.music.core.model.dbi,AuthenticationToken,setId,3,1,1
music-core,com.sismics.music.core.model.dbi,AuthenticationToken,getUserId,3,1,0
music-core,com.sismics.music.core.model.dbi,AuthenticationToken,setUserId,3,1,1
music-core,com.sismics.music.core.model.dbi,AuthenticationToken,isLongLasted,3,1,0
music-core,com.sismics.music.core.model.dbi,AuthenticationToken,setLongLasted,3,1,1
music-core,com.sismics.music.core.model.dbi,AuthenticationToken,getCreateDate,3,1,0
music-core,com.sismics.music.core.model.dbi,AuthenticationToken,setCreateDate,3,1,1
music-core,com.sismics.music.core.model.dbi,AuthenticationToken,getLastConnectionDate,3,1,0
music-core,com.sismics.music.core.model.dbi,AuthenticationToken,setLastConnectionDate,3,1,1
music-core,com.sismics.music.core.model.dbi,AuthenticationToken,toString,3,1,0
music-core,com.sismics.music.core.model.dbi,PlaylistTrack,PlaylistTrack,2,1,0
music-core,com.sismics.music.core.model.dbi,PlaylistTrack,PlaylistTrack,6,1,4
music-core,com.sismics.music.core.model.dbi,PlaylistTrack,getId,3,1,0
music-core,com.sismics.music.core.model.dbi,PlaylistTrack,setId,3,1,1
music-core,com.sismics.music.core.model.dbi,PlaylistTrack,getPlaylistId,3,1,0
music-core,com.sismics.music.core.model.dbi,PlaylistTrack,setPlaylistId,3,1,1
music-core,com.sismics.music.core.model.dbi,PlaylistTrack,getTrackId,3,1,0
music-core,com.sismics.music.core.model.dbi,PlaylistTrack,setTrackId,3,1,1
music-core,com.sismics.music.core.model.dbi,PlaylistTrack,getOrder,3,1,0
music-core,com.sismics.music.core.model.dbi,PlaylistTrack,setOrder,3,1,1
music-core,com.sismics.music.core.model.dbi,PlaylistTrack,toString,3,1,0
music-core,com.sismics.music.core.model.dbi,PlaylistTrack,createPlaylistTrack,4,1,1
music-core,com.sismics.music.core.event,PasswordChangedEvent,getUser,3,1,0
music-core,com.sismics.music.core.event,PasswordChangedEvent,setUser,3,1,1
music-core,com.sismics.music.core.event,UserCreatedEvent,getUser,3,1,0
music-core,com.sismics.music.core.event,UserCreatedEvent,setUser,3,1,1
music-core,com.sismics.music.core.event,UserCreatedEvent,toString,3,1,0
music-core,com.sismics.music.core.event.async,PlayCompletedEvent,PlayCompletedEvent,4,1,2
music-core,com.sismics.music.core.event.async,PlayCompletedEvent,getUserId,3,1,0
music-core,com.sismics.music.core.event.async,PlayCompletedEvent,getTrack,3,1,0
music-core,com.sismics.music.core.event.async,PlayCompletedEvent,toString,3,1,0
music-core,com.sismics.music.core.event.async,LastFmUpdateTrackPlayCountAsyncEvent,LastFmUpdateTrackPlayCountAsyncEvent,3,1,1
music-core,com.sismics.music.core.event.async,LastFmUpdateTrackPlayCountAsyncEvent,getUser,3,1,0
music-core,com.sismics.music.core.event.async,LastFmUpdateTrackPlayCountAsyncEvent,toString,3,1,0
music-core,com.sismics.music.core.event.async,LastFmUpdateLovedTrackAsyncEvent,LastFmUpdateLovedTrackAsyncEvent,3,1,1
music-core,com.sismics.music.core.event.async,LastFmUpdateLovedTrackAsyncEvent,getUser,3,1,0
music-core,com.sismics.music.core.event.async,LastFmUpdateLovedTrackAsyncEvent,toString,3,1,0
music-core,com.sismics.music.core.event.async,CollectionReindexAsyncEvent,toString,3,1,0
music-core,com.sismics.music.core.event.async,DirectoryDeletedAsyncEvent,getDirectory,3,1,0
music-core,com.sismics.music.core.event.async,DirectoryDeletedAsyncEvent,setDirectory,3,1,1
music-core,com.sismics.music.core.event.async,DirectoryDeletedAsyncEvent,toString,3,1,0
music-core,com.sismics.music.core.event.async,DirectoryCreatedAsyncEvent,getDirectory,3,1,0
music-core,com.sismics.music.core.event.async,DirectoryCreatedAsyncEvent,setDirectory,3,1,1
music-core,com.sismics.music.core.event.async,DirectoryCreatedAsyncEvent,toString,3,1,0
music-core,com.sismics.music.core.event.async,PlayStartedEvent,PlayStartedEvent,4,1,2
music-core,com.sismics.music.core.event.async,PlayStartedEvent,getUserId,3,1,0
music-core,com.sismics.music.core.event.async,PlayStartedEvent,getTrack,3,1,0
music-core,com.sismics.music.core.event.async,PlayStartedEvent,toString,3,1,0
music-core,com.sismics.music.core.event.async,TrackLikedAsyncEvent,TrackLikedAsyncEvent,4,1,2
music-core,com.sismics.music.core.event.async,TrackLikedAsyncEvent,getUser,3,1,0
music-core,com.sismics.music.core.event.async,TrackLikedAsyncEvent,getTrack,3,1,0
music-core,com.sismics.music.core.event.async,TrackLikedAsyncEvent,toString,3,1,0
music-core,com.sismics.music.core.event.async,TrackUnlikedAsyncEvent,TrackUnlikedAsyncEvent,4,1,2
music-core,com.sismics.music.core.event.async,TrackUnlikedAsyncEvent,getUser,3,1,0
music-core,com.sismics.music.core.event.async,TrackUnlikedAsyncEvent,getTrack,3,1,0
music-core,com.sismics.music.core.event.async,TrackUnlikedAsyncEvent,toString,3,1,0
music-core,com.sismics.music.core.util,ImageUtil,getFileFormat,30,7,1
music-core,com.sismics.music.core.util,ImageUtil,resizeImage,3,1,2
music-core,com.sismics.music.core.util,ImageUtil,resizeImage,3,1,6
music-core,com.sismics.music.core.util,ImageUtil,resizeImage,23,6,7
music-core,com.sismics.music.core.util,ImageUtil,writeJpeg,27,3,2
music-core,com.sismics.music.core.util,ImageUtil,readImageWithoutAlphaChannel,9,1,1
music-core,com.sismics.music.core.util,ImageUtil,makeMosaic,30,7,2
music-core,com.sismics.music.core.util,DirectoryUtil,getBaseDataDirectory,24,7,0
music-core,com.sismics.music.core.util,DirectoryUtil,getDbDirectory,3,1,0
music-core,com.sismics.music.core.util,DirectoryUtil,getLogDirectory,3,1,0
music-core,com.sismics.music.core.util,DirectoryUtil,getAlbumArtDirectory,3,1,0
music-core,com.sismics.music.core.util,DirectoryUtil,getImportAudioDirectory,3,1,0
music-core,com.sismics.music.core.util,DirectoryUtil,getDataSubDirectory,8,2,1
music-core,com.sismics.music.core.util,UserUtil,getUserName,3,1,1
music-core,com.sismics.music.core.util,TransactionUtil,handle,45,5,1
music-core,com.sismics.music.core.util,TransactionUtil,commit,5,1,0
music-core,com.sismics.music.core.util,DirectoryNameParser,DirectoryNameParser,12,3,1
music-core,com.sismics.music.core.util,DirectoryNameParser,DirectoryNameParser,8,2,2
music-core,com.sismics.music.core.util,DirectoryNameParser,getArtistName,3,1,0
music-core,com.sismics.music.core.util,DirectoryNameParser,getAlbumName,3,1,0
music-core,com.sismics.music.core.util,DirectoryNameParser,getFileName,3,1,0
music-core,com.sismics.music.core.util,DirectoryNameParser,toString,3,1,0
music-core,com.sismics.music.core.util,ConfigUtil,getConfigStringValue,8,2,1
music-core,com.sismics.music.core.util,ConfigUtil,getConfigBundle,3,1,0
music-core,com.sismics.music.core.util,ConfigUtil,getConfigIntegerValue,4,1,1
music-core,com.sismics.music.core.util,ConfigUtil,getConfigBooleanValue,4,1,1
music-core,com.sismics.music.core.util,TestImageUtil,testBitmap,5,1,0
music-core,com.sismics.music.core.util,TestImageUtil,testMakeMosaic,11,2,0
music-core,com.sismics.music.core.util,TestDirectoryNameParser,testParsing,12,1,0
music-core,com.sismics.music.core.util,TestDirectoryNameParser,testRebuilding,7,1,0
music-core,com.sismics.music.core.util.dbi,SortCriteria,SortCriteria,3,1,1
music-core,com.sismics.music.core.util.dbi,SortCriteria,SortCriteria,8,3,2
music-core,com.sismics.music.core.util.dbi,SortCriteria,getSortQuery,3,1,0
music-core,com.sismics.music.core.util.dbi,SortCriteria,getColumn,3,1,0
music-core,com.sismics.music.core.util.dbi,SortCriteria,isAsc,3,1,0
music-core,com.sismics.music.core.util.dbi,ColumnIndexMapper,map,20,2,3
music-core,com.sismics.music.core.util.dbi,QueryParam,QueryParam,9,1,7
music-core,com.sismics.music.core.util.dbi,QueryParam,QueryParam,3,1,6
music-core,com.sismics.music.core.util.dbi,QueryParam,getQueryString,3,1,0
music-core,com.sismics.music.core.util.dbi,QueryParam,setQueryString,3,1,1
music-core,com.sismics.music.core.util.dbi,QueryParam,getSortCriteria,3,1,0
music-core,com.sismics.music.core.util.dbi,QueryParam,getCriteriaList,3,1,0
music-core,com.sismics.music.core.util.dbi,QueryParam,getParameterMap,3,1,0
music-core,com.sismics.music.core.util.dbi,QueryParam,getFilterCriteria,3,1,0
music-core,com.sismics.music.core.util.dbi,QueryParam,getGroupByList,3,1,0
music-core,com.sismics.music.core.util.dbi,QueryParam,getResultMapper,3,1,0
music-core,com.sismics.music.core.util.dbi,QueryParam,setSortCriteria,3,1,1
music-core,com.sismics.music.core.util.dbi,PaginatedList,PaginatedList,4,1,2
music-core,com.sismics.music.core.util.dbi,PaginatedList,getResultCount,3,1,0
music-core,com.sismics.music.core.util.dbi,PaginatedList,setResultCount,3,1,1
music-core,com.sismics.music.core.util.dbi,PaginatedList,getResultList,3,1,0
music-core,com.sismics.music.core.util.dbi,PaginatedList,setResultList,3,1,1
music-core,com.sismics.music.core.util.dbi,PaginatedList,getLimit,3,1,0
music-core,com.sismics.music.core.util.dbi,PaginatedList,getOffset,3,1,0
music-core,com.sismics.music.core.util.dbi,PaginatedLists,create,15,5,2
music-core,com.sismics.music.core.util.dbi,PaginatedLists,create,3,1,0
music-core,com.sismics.music.core.util.dbi,PaginatedLists,executeQuery,16,3,1
music-core,com.sismics.music.core.util.dbi,PaginatedLists,executeCountQuery,8,1,2
music-core,com.sismics.music.core.util.dbi,PaginatedLists,getNativeCountQuery,3,1,1
music-core,com.sismics.music.core.util.dbi,PaginatedLists,executeResultQuery,16,3,2
music-core,com.sismics.music.core.util.dbi,PaginatedLists,getLimitQuery,3,1,3
music-core,com.sismics.music.core.util.dbi,PaginatedLists,executePaginatedQuery,7,2,3
music-core,com.sismics.music.core.util.dbi,PaginatedLists,getQueryString,18,5,1
music-core,com.sismics.music.core.util.dbi,PaginatedLists,getOrderByClause,9,2,1
music-core,com.sismics.music.core.util.dbi,PaginatedLists,mapQueryParam,5,2,2
music-core,com.sismics.music.core.util.dbi,PaginatedLists,mapFilterColumn,9,4,2
music-core,com.sismics.music.core.listener.sync,DeadEventListener,onDeadEvent,3,1,1
music-core,com.sismics.music.core.listener.async,PlayCompletedAsyncListener,onPlayCompleted,17,3,1
music-core,com.sismics.music.core.listener.async,DirectoryDeletedAsyncListener,onDirectoryDeleted,16,3,1
music-core,com.sismics.music.core.listener.async,CollectionReindexAsyncListener,onCollectionReindex,15,3,1
music-core,com.sismics.music.core.listener.async,PlayStartedAsyncListener,onPlayStarted,15,3,1
music-core,com.sismics.music.core.listener.async,LastFmUpdateLovedTrackAsyncListener,onLastFmUpdateLovedTrack,15,3,1
music-core,com.sismics.music.core.listener.async,TrackUnlikedAsyncListener,onTrackLiked,18,4,1
music-core,com.sismics.music.core.listener.async,LastFmUpdateTrackPlayCountAsyncListener,onLastFmUpdateTrackPlayCount,15,3,1
music-core,com.sismics.music.core.listener.async,DirectoryCreatedAsyncListener,onDirectoryCreated,17,3,1
music-core,com.sismics.music.core.listener.async,TrackLikedAsyncListener,onTrackLiked,18,4,1
music-core,com.sismics.music,TestJdbi,jdbiTest,8,1,0
music-core,com.sismics.music,BaseTransactionalTest,setUp,7,1,0
music-core,com.sismics.music,BaseTransactionalTest,tearDown,2,1,0
